<?xml version="1.0" encoding="UTF-8"?>
<beans xmlns="http://www.springframework.org/schema/beans"
	xmlns:xsi="http://www.w3.org/2001/XMLSchema-instance"
	xsi:schemaLocation="http://www.springframework.org/schema/beans
  https://www.springframework.org/schema/beans/spring-beans.xsd">

	<bean class="techmojo.beans.Person" id="test" scope="prototype">
		<property name="id" value="111"/>
 		<property name="name" value="Lokesh" />
		<property name="email" value="lokesh@gmail.com" />
		<property name="addr" ref="addr1"/>
	</bean>
	
	<bean class="techmojo.beans.Address" id="addr1" scope="prototype">
		<property name="street" value="Kondapur"/>
		<property name="city" value="Hyderabad"/>
		<property name="Pincode" value="500084"/>
	</bean>
</beans>