<?xml version="1.0" encoding="UTF-8"?>
<beans xmlns="http://www.springframework.org/schema/beans"
	xmlns:xsi="http://www.w3.org/2001/XMLSchema-instance"
	xmlns:ctxt="http://www.springframework.org/schema/context"
	xmlns:jpa="http://www.springframework.org/schema/data/jpa"
	xmlns:p="http://www.springframework.org/schema/p"
	xsi:schemaLocation="http://www.springframework.org/schema/beans
  https://www.springframework.org/schema/beans/spring-beans.xsd
  http://www.springframework.org/schema/data/jpa
    https://www.springframework.org/schema/data/jpa/spring-jpa.xsd
    http://www.springframework.org/schema/context
		https://www.springframework.org/schema/context/spring-context.xsd">
	<ctxt:annotation-config />
	<ctxt:component-scan base-package="com.techmojo" />
	<jpa:repositories base-package="com.techmojo.repo" />
	
	<bean class="org.springframework.jdbc.datasource.DriverManagerDataSource" id="dataSource">
		<property name="driverClassName" value="com.mysql.cj.jdbc.Driver"/>
		<property name="url" value="jdbc:mysql://localhost:3306/techmojo"/>
		<property name="username" value="root"/>
		<property name="password" value="root"/>
	</bean>
	
	<bean class="org.springframework.orm.jpa.vendor.HibernateJpaVendorAdapter" id="vendor">
		<property name="generateDdl" value="true"/>
		<property name="showSql" value="true"/>
	</bean>
	
	<bean class="org.springframework.orm.jpa.LocalContainerEntityManagerFactoryBean" id="entityManagerFactory"
		p:dataSource-ref="dataSource">
		<property name="jpaVendorAdapter" ref="vendor"/>
		<property name="jpaProperties">
			<props>
				<prop key="hibernate.dialect">org.hibernate.dialect.MySQL8Dialect</prop>
				<prop key="hibernate.hbm2ddl.auto">update</prop>
			</props>
		</property>
		<property name="packagesToScan" value="com.techmojo.entity"></property>
	</bean>
	
	<bean class="org.springframework.orm.jpa.JpaTransactionManager" id="transactionManager">
		<property name="entityManagerFactory" ref="entityManagerFactory"/>
	</bean>


</beans>
